,Modelled_0,Modelled_1,max,min
0,0.23153342306613922,0.2352934628725052,0.2352934628725052,0.23153342306613922
1,0.231310173869133,0.2326817363500595,0.2326817363500595,0.231310173869133
2,0.2322462499141693,0.23209792375564575,0.2322462499141693,0.23209792375564575
3,0.23121723532676697,0.23390470445156097,0.23390470445156097,0.23121723532676697
4,0.23234042525291443,0.23289188742637634,0.23289188742637634,0.23234042525291443
5,0.2330358624458313,0.2338797003030777,0.2338797003030777,0.2330358624458313
6,0.23252665996551514,,0.23252665996551514,0.23252665996551514
