,Modelled_0,Modelled_1,max,min
0,0.23015153408050537,0.23622985184192657,0.23622985184192657,0.23015153408050537
1,0.23086045682430267,0.2336883544921875,0.2336883544921875,0.23086045682430267
2,0.23105254769325256,0.2319680154323578,0.2319680154323578,0.23105254769325256
3,0.2339935153722763,0.23079679906368256,0.2339935153722763,0.23079679906368256
4,,0.23418231308460236,0.23418231308460236,0.23418231308460236
5,,0.23313291370868683,0.23313291370868683,0.23313291370868683
6,,0.23197267949581146,0.23197267949581146,0.23197267949581146
