,Modelled_0,Modelled_1,max,min
0,0.18243178725242615,0.19531004130840302,0.19531004130840302,0.18243178725242615
1,0.18117566406726837,0.19924290478229523,0.19924290478229523,0.18117566406726837
2,0.18284006416797638,0.19724233448505402,0.19724233448505402,0.18284006416797638
3,0.18342311680316925,0.1953967660665512,0.1953967660665512,0.18342311680316925
4,0.18184861540794373,,0.18184861540794373,0.18184861540794373
