,Modelled_0,Modelled_1,max,min
0,0.1327316164970398,0.13375073671340942,0.13375073671340942,0.1327316164970398
1,0.13484857976436615,0.13195016980171204,0.13484857976436615,0.13195016980171204
2,0.13288797438144684,0.13138237595558167,0.13288797438144684,0.13138237595558167
3,0.1324044018983841,0.1324557662010193,0.1324557662010193,0.1324044018983841
4,0.1321333348751068,0.13168343901634216,0.1321333348751068,0.13168343901634216
5,0.130992591381073,0.13158118724822998,0.13158118724822998,0.130992591381073
6,0.13184866309165955,,0.13184866309165955,0.13184866309165955
7,0.1318778544664383,,0.1318778544664383,0.1318778544664383
8,0.13237746059894562,,0.13237746059894562,0.13237746059894562
