,Modelled_0,Modelled_1,max,min
0,0.1419542133808136,0.14162659645080566,0.1419542133808136,0.14162659645080566
1,0.13895119726657867,0.13826854526996613,0.13895119726657867,0.13826854526996613
2,0.13854271173477173,0.13845378160476685,0.13854271173477173,0.13845378160476685
3,0.13820035755634308,0.13840678334236145,0.13840678334236145,0.13820035755634308
4,0.1380847841501236,0.13796751201152802,0.1380847841501236,0.13796751201152802
5,0.1381533294916153,0.13767550885677338,0.1381533294916153,0.13767550885677338
6,0.13799110054969788,,0.13799110054969788,0.13799110054969788
7,0.13773301243782043,,0.13773301243782043,0.13773301243782043
8,0.13803108036518097,,0.13803108036518097,0.13803108036518097
