,Modelled_0,Modelled_1,max,min
0,0.1339614987373352,0.13441264629364014,0.13441264629364014,0.1339614987373352
1,0.13275201618671417,0.13282030820846558,0.13282030820846558,0.13275201618671417
2,0.13322024047374725,0.13346479833126068,0.13346479833126068,0.13322024047374725
3,0.13378441333770752,0.13358524441719055,0.13378441333770752,0.13358524441719055
4,0.13281327486038208,0.13485567271709442,0.13485567271709442,0.13281327486038208
