,Modelled_0,Modelled_1,max,min
0,0.3961452543735504,0.3972475230693817,0.3972475230693817,0.3961452543735504
1,0.3999471962451935,0.3965093791484833,0.3999471962451935,0.3965093791484833
2,0.3952764868736267,0.3952406942844391,0.3952764868736267,0.3952406942844391
3,0.39581939578056335,0.39491182565689087,0.39581939578056335,0.39491182565689087
4,0.39423492550849915,0.39373907446861267,0.39423492550849915,0.39373907446861267
5,0.3957497775554657,0.39661911129951477,0.39661911129951477,0.3957497775554657
6,0.3955219089984894,0.39623579382896423,0.39623579382896423,0.3955219089984894
7,0.39815300703048706,0.3969779908657074,0.39815300703048706,0.3969779908657074
