,Modelled_0,Modelled_1,max,min
0,0.14508278667926788,0.1454741507768631,0.1454741507768631,0.14508278667926788
1,0.14154106378555298,0.1414688229560852,0.14154106378555298,0.1414688229560852
2,0.14092297852039337,0.141927570104599,0.141927570104599,0.14092297852039337
3,0.14117185771465302,0.14146365225315094,0.14146365225315094,0.14117185771465302
4,0.14115214347839355,0.14179441332817078,0.14179441332817078,0.14115214347839355
