,Modelled_0,Modelled_1,max,min
0,0.10179200768470764,0.10216713696718216,0.10216713696718216,0.10179200768470764
1,0.10009321570396423,0.10049714893102646,0.10049714893102646,0.10009321570396423
2,0.1003405973315239,0.10065925866365433,0.10065925866365433,0.1003405973315239
3,0.10063289105892181,0.10063736885786057,0.10063736885786057,0.10063289105892181
4,0.10032586753368378,0.10041037201881409,0.10041037201881409,0.10032586753368378
5,0.10046391934156418,0.10067256540060043,0.10067256540060043,0.10046391934156418
6,0.1005830243229866,0.10059801489114761,0.10059801489114761,0.1005830243229866
7,0.10041622072458267,0.10060650110244751,0.10060650110244751,0.10041622072458267
8,0.10069499164819717,,0.10069499164819717,0.10069499164819717
