,Modelled_0,Modelled_1,max,min
0,0.09742404520511627,0.0960441380739212,0.09742404520511627,0.0960441380739212
1,0.0962338000535965,0.09697190672159195,0.09697190672159195,0.0962338000535965
2,0.09616097807884216,0.09738069027662277,0.09738069027662277,0.09616097807884216
3,0.09589500725269318,0.09588142484426498,0.09589500725269318,0.09588142484426498
4,0.0973881185054779,0.09559817612171173,0.0973881185054779,0.09559817612171173
5,0.09579013288021088,0.09714964777231216,0.09714964777231216,0.09579013288021088
6,0.09617997705936432,0.09588774293661118,0.09617997705936432,0.09588774293661118
7,0.09689723700284958,0.09568645805120468,0.09689723700284958,0.09568645805120468
8,0.0962904617190361,,0.0962904617190361,0.0962904617190361
