,Modelled_0,Modelled_1,max,min
0,0.22427192330360413,0.22701488435268402,0.22701488435268402,0.22427192330360413
1,0.22401155531406403,0.224000483751297,0.22401155531406403,0.224000483751297
2,0.2226419746875763,0.22424565255641937,0.22424565255641937,0.2226419746875763
3,0.22342534363269806,0.22385428845882416,0.22385428845882416,0.22342534363269806
4,0.2223181426525116,0.22401009500026703,0.22401009500026703,0.2223181426525116
5,,0.22369316220283508,0.22369316220283508,0.22369316220283508
6,,0.22370736300945282,0.22370736300945282,0.22370736300945282
