,Modelled_0,Modelled_1,max,min
0,0.062341541051864624,0.06256373226642609,0.06256373226642609,0.062341541051864624
1,0.06186993047595024,0.0631215050816536,0.0631215050816536,0.06186993047595024
2,0.0632772147655487,0.062385786324739456,0.0632772147655487,0.062385786324739456
3,0.062477074563503265,0.0629122331738472,0.0629122331738472,0.062477074563503265
4,0.062287986278533936,0.06359827518463135,0.06359827518463135,0.062287986278533936
5,,0.06520873308181763,0.06520873308181763,0.06520873308181763
