,Modelled_0,Modelled_1,max,min
0,0.21076151728630066,0.2106890082359314,0.21076151728630066,0.2106890082359314
1,0.20616966485977173,0.20785939693450928,0.20785939693450928,0.20616966485977173
2,0.2067604660987854,0.20799130201339722,0.20799130201339722,0.2067604660987854
3,0.20838311314582825,0.20672455430030823,0.20838311314582825,0.20672455430030823
4,0.2105095535516739,0.20714373886585236,0.2105095535516739,0.20714373886585236
5,,0.20734210312366486,0.20734210312366486,0.20734210312366486
6,,0.21255695819854736,0.21255695819854736,0.21255695819854736
