,Modelled_0,Modelled_1,max,min
0,0.06859415024518967,0.06843174248933792,0.06859415024518967,0.06843174248933792
1,0.06841391324996948,0.06818130612373352,0.06841391324996948,0.06818130612373352
2,0.06780892610549927,0.06812448799610138,0.06812448799610138,0.06780892610549927
3,0.06796836107969284,0.06813081353902817,0.06813081353902817,0.06796836107969284
4,0.06810065358877182,,0.06810065358877182,0.06810065358877182
5,0.0684182420372963,,0.0684182420372963,0.0684182420372963
6,0.06782003492116928,,0.06782003492116928,0.06782003492116928
