,Modelled_0,Modelled_1,max,min
0,0.06445322185754776,0.06379762291908264,0.06445322185754776,0.06379762291908264
1,0.06428486853837967,0.06382924318313599,0.06428486853837967,0.06382924318313599
2,0.06399013847112656,0.06513749808073044,0.06513749808073044,0.06399013847112656
3,0.06329065561294556,0.0638432726264,0.0638432726264,0.06329065561294556
4,0.06433158367872238,,0.06433158367872238,0.06433158367872238
5,0.06381458044052124,,0.06381458044052124,0.06381458044052124
6,0.06466015428304672,,0.06466015428304672,0.06466015428304672
