,Modelled_0,Modelled_1,max,min
0,0.2024650126695633,0.20233382284641266,0.2024650126695633,0.20233382284641266
1,0.20035578310489655,0.20259347558021545,0.20259347558021545,0.20035578310489655
2,0.2010287046432495,0.203081414103508,0.203081414103508,0.2010287046432495
3,0.2007550448179245,0.20098534226417542,0.20098534226417542,0.2007550448179245
4,0.20170576870441437,0.20671220123767853,0.20671220123767853,0.20170576870441437
5,,0.2047645002603531,0.2047645002603531,0.2047645002603531
6,,0.2011062651872635,0.2011062651872635,0.2011062651872635
