,Modelled_0,Modelled_1,max,min
0,0.057050738483667374,0.05772174894809723,0.05772174894809723,0.057050738483667374
1,0.056090544909238815,0.05646538361907005,0.05646538361907005,0.056090544909238815
2,0.05585039034485817,0.05552692711353302,0.05585039034485817,0.05552692711353302
3,0.05588745325803757,0.055781200528144836,0.05588745325803757,0.055781200528144836
4,0.0557464063167572,0.05608770251274109,0.05608770251274109,0.0557464063167572
5,0.05554242432117462,,0.05554242432117462,0.05554242432117462
6,0.05552070587873459,,0.05552070587873459,0.05552070587873459
