,Modelled_0,Modelled_1,max,min
0,0.05204254016280174,0.052670471370220184,0.052670471370220184,0.05204254016280174
1,0.052728429436683655,0.05161947384476662,0.052728429436683655,0.05161947384476662
2,0.051352620124816895,0.052132271230220795,0.052132271230220795,0.051352620124816895
3,0.05132603645324707,0.05172358825802803,0.05172358825802803,0.05132603645324707
4,0.05162088945508003,0.052046142518520355,0.052046142518520355,0.05162088945508003
5,0.05449413135647774,,0.05449413135647774,0.05449413135647774
6,0.0518169105052948,,0.0518169105052948,0.0518169105052948
