,Modelled_0,Modelled_1,max,min
0,0.17367172241210938,0.17208519577980042,0.17367172241210938,0.17208519577980042
1,0.16971294581890106,0.1697559654712677,0.1697559654712677,0.16971294581890106
2,0.17027221620082855,0.1712459921836853,0.1712459921836853,0.17027221620082855
3,0.16906121373176575,0.17026512324810028,0.17026512324810028,0.16906121373176575
4,0.1710009127855301,0.17012465000152588,0.1710009127855301,0.17012465000152588
5,0.16957499086856842,,0.16957499086856842,0.16957499086856842
6,0.16937479376792908,,0.16937479376792908,0.16937479376792908
