,Modelled_0,Modelled_1,max,min
0,0.26608625054359436,0.2650197446346283,0.26608625054359436,0.2650197446346283
1,0.27125969529151917,0.26681509613990784,0.27125969529151917,0.26681509613990784
2,0.26580432057380676,0.26656901836395264,0.26656901836395264,0.26580432057380676
3,0.2667660415172577,0.2703320384025574,0.2703320384025574,0.2667660415172577
4,0.2653445303440094,,0.2653445303440094,0.2653445303440094
5,0.26447027921676636,,0.26447027921676636,0.26447027921676636
6,0.26924899220466614,,0.26924899220466614,0.26924899220466614
7,0.2663586437702179,,0.2663586437702179,0.2663586437702179
8,0.2666385769844055,,0.2666385769844055,0.2666385769844055
