,Modelled_0,Modelled_1,max,min
0,0.08924156427383423,0.08897632360458374,0.08924156427383423,0.08897632360458374
1,0.08770047873258591,0.08804710954427719,0.08804710954427719,0.08770047873258591
2,0.08730720728635788,0.08803531527519226,0.08803531527519226,0.08730720728635788
3,0.0878635123372078,0.08757174015045166,0.0878635123372078,0.08757174015045166
4,,0.0880982056260109,0.0880982056260109,0.0880982056260109
5,,0.08762533217668533,0.08762533217668533,0.08762533217668533
6,,0.08713646233081818,0.08713646233081818,0.08713646233081818
7,,0.08728271722793579,0.08728271722793579,0.08728271722793579
