,Modelled_0,Modelled_1,max,min
0,0.08157892525196075,0.08203534781932831,0.08203534781932831,0.08157892525196075
1,0.08263038098812103,0.0849030539393425,0.0849030539393425,0.08263038098812103
2,0.08297862857580185,0.08232349902391434,0.08297862857580185,0.08232349902391434
3,0.0816405639052391,0.08138089627027512,0.0816405639052391,0.08138089627027512
4,,0.08100152015686035,0.08100152015686035,0.08100152015686035
5,,0.08161865919828415,0.08161865919828415,0.08161865919828415
6,,0.08209274709224701,0.08209274709224701,0.08209274709224701
7,,0.0815667062997818,0.0815667062997818,0.0815667062997818
