,Modelled_0,Modelled_1,max,min
0,0.2803979814052582,0.2823861241340637,0.2823861241340637,0.2803979814052582
1,0.2806873917579651,0.28158238530158997,0.28158238530158997,0.2806873917579651
2,0.27814745903015137,0.2807271480560303,0.2807271480560303,0.27814745903015137
3,0.27824878692626953,0.27811554074287415,0.27824878692626953,0.27811554074287415
4,0.2773880660533905,0.28135770559310913,0.28135770559310913,0.2773880660533905
5,0.2783139646053314,0.2823112905025482,0.2823112905025482,0.2783139646053314
6,0.27837279438972473,0.2790694832801819,0.2790694832801819,0.27837279438972473
7,0.2791294455528259,,0.2791294455528259,0.2791294455528259
