,Modelled_0,Modelled_1,max,min
0,0.2619248330593109,0.25592878460884094,0.2619248330593109,0.25592878460884094
1,0.2576724886894226,0.2499837577342987,0.2576724886894226,0.2499837577342987
2,0.2599843442440033,0.2505320906639099,0.2599843442440033,0.2505320906639099
3,0.25795915722846985,0.2510477602481842,0.25795915722846985,0.2510477602481842
4,0.2560620605945587,0.25104421377182007,0.2560620605945587,0.25104421377182007
5,0.2551327049732208,,0.2551327049732208,0.2551327049732208
6,0.25876545906066895,,0.25876545906066895,0.25876545906066895
7,0.2605361044406891,,0.2605361044406891,0.2605361044406891
8,0.2569133937358856,,0.2569133937358856,0.2569133937358856
