,Modelled_0,Modelled_1,max,min
0,0.1861899197101593,0.1904388815164566,0.1904388815164566,0.1861899197101593
1,0.1877034455537796,0.19198903441429138,0.19198903441429138,0.1877034455537796
2,0.18960018455982208,0.1934613287448883,0.1934613287448883,0.18960018455982208
3,0.18934012949466705,0.18934541940689087,0.18934541940689087,0.18934012949466705
4,,0.19356325268745422,0.19356325268745422,0.19356325268745422
5,,0.19180993735790253,0.19180993735790253,0.19180993735790253
6,,0.19526343047618866,0.19526343047618866,0.19526343047618866
