,Modelled_0,Modelled_1,max,min
0,0.22079570591449738,0.22235171496868134,0.22235171496868134,0.22079570591449738
1,0.22041314840316772,0.22299449145793915,0.22299449145793915,0.22041314840316772
2,0.22100980579853058,0.22064241766929626,0.22100980579853058,0.22064241766929626
3,0.22116513550281525,0.22292619943618774,0.22292619943618774,0.22116513550281525
4,0.2190498411655426,0.2245049923658371,0.2245049923658371,0.2190498411655426
5,0.22129707038402557,0.22611095011234283,0.22611095011234283,0.22129707038402557
6,0.22306174039840698,,0.22306174039840698,0.22306174039840698
7,0.2207111418247223,,0.2207111418247223,0.2207111418247223
