,Modelled_0,Modelled_1,max,min
0,0.36574116349220276,0.34967517852783203,0.36574116349220276,0.34967517852783203
1,0.31946760416030884,0.32746046781539917,0.32746046781539917,0.31946760416030884
2,0.31124114990234375,0.3379841148853302,0.3379841148853302,0.31124114990234375
3,0.3088666498661041,0.3447715640068054,0.3447715640068054,0.3088666498661041
4,0.3085242211818695,0.3439137041568756,0.3439137041568756,0.3085242211818695
5,0.308392733335495,,0.308392733335495,0.308392733335495
6,0.31000885367393494,,0.31000885367393494,0.31000885367393494
7,0.3115808367729187,,0.3115808367729187,0.3115808367729187
8,0.31234076619148254,,0.31234076619148254,0.31234076619148254
